parcel,transect,species,green,live,hits,year
LAW029,1d,ATTO,0,0,0,2025
LAW029,1d,ERNA10,0,0,0,2025
LAW029,1d,SAVE4,6,3,9,2025
LAW029,1d,DISP,0,0,0,2025
LAW029,1d,ATCO,4,1,5,2025
LAW029,1d,ALOC2,0,0,0,2025
LAW029,1d,SUNI,0,0,0,2025
LAW029,1d,SPAI,0,0,0,2025
LAW029,2d,ATTO,0,7,7,2025
LAW029,2d,ERNA10,0,11,11,2025
LAW029,2d,SAVE4,3,0,3,2025
LAW029,2d,DISP,0,0,0,2025
LAW029,2d,ATCO,1,4,5,2025
LAW029,2d,ALOC2,0,0,0,2025
LAW029,2d,SUNI,0,0,0,2025
LAW029,2d,SPAI,0,0,0,2025
LAW029,3e,ATTO,7,4,11,2025
LAW029,3e,ERNA10,11,2,13,2025
LAW029,3e,SAVE4,0,0,0,2025
LAW029,3e,DISP,0,0,0,2025
LAW029,3e,ATCO,4,0,4,2025
LAW029,3e,ALOC2,0,0,0,2025
LAW029,3e,SUNI,0,0,0,2025
LAW029,3e,SPAI,0,0,0,2025
LAW029,4a,ATTO,4,11,15,2025
LAW029,4a,ERNA10,2,0,2,2025
LAW029,4a,SAVE4,0,4,4,2025
LAW029,4a,DISP,0,0,0,2025
LAW029,4a,ATCO,0,0,0,2025
LAW029,4a,ALOC2,0,0,0,2025
LAW029,4a,SUNI,0,0,0,2025
LAW029,4a,SPAI,0,0,0,2025
LAW029,5e,ATTO,11,3,14,2025
LAW029,5e,ERNA10,0,0,0,2025
LAW029,5e,SAVE4,4,1,5,2025
LAW029,5e,DISP,0,0,0,2025
LAW029,5e,ATCO,0,0,0,2025
LAW029,5e,ALOC2,0,0,0,2025
LAW029,5e,SUNI,0,0,0,2025
LAW029,5e,SPAI,0,0,0,2025
LAW029,6a,ATTO,3,0,3,2025
LAW029,6a,ERNA10,0,0,0,2025
LAW029,6a,SAVE4,1,14,15,2025
LAW029,6a,DISP,0,0,0,2025
LAW029,6a,ATCO,0,2,2,2025
LAW029,6a,ALOC2,0,0,0,2025
LAW029,6a,SUNI,0,3,3,2025
LAW029,6a,SPAI,0,0,0,2025
LAW029,7a,ATTO,0,0,0,2025
LAW029,7a,ERNA10,0,0,0,2025
LAW029,7a,SAVE4,14,3,17,2025
LAW029,7a,DISP,0,0,0,2025
LAW029,7a,ATCO,2,0,2,2025
LAW029,7a,ALOC2,0,0,0,2025
LAW029,7a,SUNI,3,0,3,2025
LAW029,7a,SPAI,0,0,0,2025
LAW029,8d,ATTO,0,24,24,2025
LAW029,8d,ERNA10,0,0,0,2025
LAW029,8d,SAVE4,3,0,3,2025
LAW029,8d,DISP,0,0,0,2025
LAW029,8d,ATCO,0,0,0,2025
LAW029,8d,ALOC2,0,0,0,2025
LAW029,8d,SUNI,0,0,0,2025
LAW029,8d,SPAI,0,0,0,2025
LAW029,9a,ATTO,24,13,37,2025
LAW029,9a,ERNA10,0,0,0,2025
LAW029,9a,SAVE4,0,0,0,2025
LAW029,9a,DISP,0,0,0,2025
LAW029,9a,ATCO,0,0,0,2025
LAW029,9a,ALOC2,0,0,0,2025
LAW029,9a,SUNI,0,0,0,2025
LAW029,9a,SPAI,0,0,0,2025
LAW029,10a,ATTO,13,4,17,2025
LAW029,10a,ERNA10,0,4,4,2025
LAW029,10a,SAVE4,0,0,0,2025
LAW029,10a,DISP,0,10,10,2025
LAW029,10a,ATCO,0,0,0,2025
LAW029,10a,ALOC2,0,0,0,2025
LAW029,10a,SUNI,0,0,0,2025
LAW029,10a,SPAI,0,0,0,2025
LAW029,11e,ATTO,4,1,5,2025
LAW029,11e,ERNA10,4,1,5,2025
LAW029,11e,SAVE4,0,0,0,2025
LAW029,11e,DISP,10,0,10,2025
LAW029,11e,ATCO,0,0,0,2025
LAW029,11e,ALOC2,0,0,0,2025
LAW029,11e,SUNI,0,0,0,2025
LAW029,11e,SPAI,0,0,0,2025
LAW029,12b,ATTO,1,3,4,2025
LAW029,12b,ERNA10,1,13,14,2025
LAW029,12b,SAVE4,0,0,0,2025
LAW029,12b,DISP,0,0,0,2025
LAW029,12b,ATCO,0,0,0,2025
LAW029,12b,ALOC2,0,0,0,2025
LAW029,12b,SUNI,0,0,0,2025
LAW029,12b,SPAI,0,0,0,2025
LAW029,13a,ATTO,3,3,6,2025
LAW029,13a,ERNA10,13,0,13,2025
LAW029,13a,SAVE4,0,0,0,2025
LAW029,13a,DISP,0,0,0,2025
LAW029,13a,ATCO,0,0,0,2025
LAW029,13a,ALOC2,0,0,0,2025
LAW029,13a,SUNI,0,0,0,2025
LAW029,13a,SPAI,0,0,0,2025
LAW029,14a,ATTO,3,0,3,2025
LAW029,14a,ERNA10,0,9,9,2025
LAW029,14a,SAVE4,0,0,0,2025
LAW029,14a,DISP,0,4,4,2025
LAW029,14a,ATCO,0,0,0,2025
LAW029,14a,ALOC2,0,12,12,2025
LAW029,14a,SUNI,0,0,0,2025
LAW029,14a,SPAI,0,0,0,2025
LAW029,15c,ATTO,0,0,0,2025
LAW029,15c,ERNA10,9,6,15,2025
LAW029,15c,SAVE4,0,0,0,2025
LAW029,15c,DISP,4,0,4,2025
LAW029,15c,ATCO,0,0,0,2025
LAW029,15c,ALOC2,12,0,12,2025
LAW029,15c,SUNI,0,0,0,2025
LAW029,15c,SPAI,0,0,0,2025
LAW039,1a,LYAN,2,0,2,2025
LAW039,1a,ATCO,2,0,2,2025
LAW039,1a,ATTO,0,0,0,2025
LAW039,1a,SATR12,0,0,0,2025
LAW039,1a,PSARM,0,3,3,2025
LAW039,1a,ATCA2,0,0,0,2025
LAW039,1a,SAVE4,0,0,0,2025
LAW039,1a,ERNA10,2,2,4,2025
LAW039,2a,LYAN,0,5,5,2025
LAW039,2a,ATCO,0,4,4,2025
LAW039,2a,ATTO,0,1,1,2025
LAW039,2a,SATR12,0,0,0,2025
LAW039,2a,PSARM,3,0,3,2025
LAW039,2a,ATCA2,0,0,0,2025
LAW039,2a,SAVE4,0,0,0,2025
LAW039,2a,ERNA10,2,0,2,2025
LAW039,3a,LYAN,5,1,6,2025
LAW039,3a,ATCO,4,0,4,2025
LAW039,3a,ATTO,1,0,1,2025
LAW039,3a,SATR12,0,0,0,2025
LAW039,3a,PSARM,0,4,4,2025
LAW039,3a,ATCA2,0,0,0,2025
LAW039,3a,SAVE4,0,0,0,2025
LAW039,3a,ERNA10,0,0,0,2025
LAW039,4d,LYAN,1,0,1,2025
LAW039,4d,ATCO,0,4,4,2025
LAW039,4d,ATTO,0,17,17,2025
LAW039,4d,SATR12,0,0,0,2025
LAW039,4d,PSARM,4,0,4,2025
LAW039,4d,ATCA2,0,0,0,2025
LAW039,4d,SAVE4,0,0,0,2025
LAW039,4d,ERNA10,0,0,0,2025
LAW039,5d,LYAN,0,0,0,2025
LAW039,5d,ATCO,4,1,5,2025
LAW039,5d,ATTO,17,4,21,2025
LAW039,5d,SATR12,0,0,0,2025
LAW039,5d,PSARM,0,0,0,2025
LAW039,5d,ATCA2,0,0,0,2025
LAW039,5d,SAVE4,0,0,0,2025
LAW039,5d,ERNA10,0,0,0,2025
LAW039,6d,LYAN,0,0,0,2025
LAW039,6d,ATCO,1,8,9,2025
LAW039,6d,ATTO,4,0,4,2025
LAW039,6d,SATR12,0,2,2,2025
LAW039,6d,PSARM,0,0,0,2025
LAW039,6d,ATCA2,0,0,0,2025
LAW039,6d,SAVE4,0,0,0,2025
LAW039,6d,ERNA10,0,0,0,2025
LAW039,7a,LYAN,0,0,0,2025
LAW039,7a,ATCO,8,2,10,2025
LAW039,7a,ATTO,0,0,0,2025
LAW039,7a,SATR12,2,0,2,2025
LAW039,7a,PSARM,0,2,2,2025
LAW039,7a,ATCA2,0,0,0,2025
LAW039,7a,SAVE4,0,0,0,2025
LAW039,7a,ERNA10,0,0,0,2025
LAW039,8a,LYAN,0,12,12,2025
LAW039,8a,ATCO,2,1,3,2025
LAW039,8a,ATTO,0,0,0,2025
LAW039,8a,SATR12,0,0,0,2025
LAW039,8a,PSARM,2,0,2,2025
LAW039,8a,ATCA2,0,0,0,2025
LAW039,8a,SAVE4,0,5,5,2025
LAW039,8a,ERNA10,0,0,0,2025
LAW069,1e,ERNA10,22,0,22,2025
LAW069,1e,DISP,0,0,0,2025
LAW069,1e,JUBA,0,0,0,2025
LAW069,1e,ATCA2,0,0,0,2025
LAW069,1e,PSPO,0,0,0,2025
LAW069,1e,JUME4,0,0,0,2025
LAW069,1e,AMAC2,0,0,0,2025
LAW069,1e,HECU3,0,0,0,2025
LAW069,1e,ELTR3,0,0,0,2025
LAW069,1e,SAEX,0,0,0,2025
LAW069,1e,TARA,0,0,0,2025
LAW069,2a,ERNA10,0,10,10,2025
LAW069,2a,DISP,0,0,0,2025
LAW069,2a,JUBA,0,0,0,2025
LAW069,2a,ATCA2,0,0,0,2025
LAW069,2a,PSPO,0,0,0,2025
LAW069,2a,JUME4,0,0,0,2025
LAW069,2a,AMAC2,0,1,1,2025
LAW069,2a,HECU3,0,0,0,2025
LAW069,2a,ELTR3,0,0,0,2025
LAW069,2a,SAEX,0,0,0,2025
LAW069,2a,TARA,0,0,0,2025
LAW069,3a,ERNA10,10,6,16,2025
LAW069,3a,DISP,0,0,0,2025
LAW069,3a,JUBA,0,0,0,2025
LAW069,3a,ATCA2,0,0,0,2025
LAW069,3a,PSPO,0,2,2,2025
LAW069,3a,JUME4,0,0,0,2025
LAW069,3a,AMAC2,1,0,1,2025
LAW069,3a,HECU3,0,0,0,2025
LAW069,3a,ELTR3,0,0,0,2025
LAW069,3a,SAEX,0,0,0,2025
LAW069,3a,TARA,0,0,0,2025
LAW069,4e,ERNA10,6,14,20,2025
LAW069,4e,DISP,0,14,14,2025
LAW069,4e,JUBA,0,0,0,2025
LAW069,4e,ATCA2,0,3,3,2025
LAW069,4e,PSPO,2,0,2,2025
LAW069,4e,JUME4,0,0,0,2025
LAW069,4e,AMAC2,0,0,0,2025
LAW069,4e,HECU3,0,0,0,2025
LAW069,4e,ELTR3,0,0,0,2025
LAW069,4e,SAEX,0,0,0,2025
LAW069,4e,TARA,0,0,0,2025
LAW069,5a,ERNA10,14,10,24,2025
LAW069,5a,DISP,14,0,14,2025
LAW069,5a,JUBA,0,0,0,2025
LAW069,5a,ATCA2,3,0,3,2025
LAW069,5a,PSPO,0,0,0,2025
LAW069,5a,JUME4,0,0,0,2025
LAW069,5a,AMAC2,0,0,0,2025
LAW069,5a,HECU3,0,0,0,2025
LAW069,5a,ELTR3,0,0,0,2025
LAW069,5a,SAEX,0,0,0,2025
LAW069,5a,TARA,0,0,0,2025
LAW069,6a,ERNA10,10,6,16,2025
LAW069,6a,DISP,0,0,0,2025
LAW069,6a,JUBA,0,0,0,2025
LAW069,6a,ATCA2,0,9,9,2025
LAW069,6a,PSPO,0,2,2,2025
LAW069,6a,JUME4,0,0,0,2025
LAW069,6a,AMAC2,0,0,0,2025
LAW069,6a,HECU3,0,0,0,2025
LAW069,6a,ELTR3,0,0,0,2025
LAW069,6a,SAEX,0,0,0,2025
LAW069,6a,TARA,0,0,0,2025
LAW069,7a,ERNA10,6,1,7,2025
LAW069,7a,DISP,0,0,0,2025
LAW069,7a,JUBA,0,0,0,2025
LAW069,7a,ATCA2,9,5,14,2025
LAW069,7a,PSPO,2,2,4,2025
LAW069,7a,JUME4,0,0,0,2025
LAW069,7a,AMAC2,0,0,0,2025
LAW069,7a,HECU3,0,0,0,2025
LAW069,7a,ELTR3,0,0,0,2025
LAW069,7a,SAEX,0,0,0,2025
LAW069,7a,TARA,0,0,0,2025
LAW069,8a,ERNA10,1,0,1,2025
LAW069,8a,DISP,0,22,22,2025
LAW069,8a,JUBA,0,26,26,2025
LAW069,8a,ATCA2,5,0,5,2025
LAW069,8a,PSPO,2,0,2,2025
LAW069,8a,JUME4,0,6,6,2025
LAW069,8a,AMAC2,0,0,0,2025
LAW069,8a,HECU3,0,2,2,2025
LAW069,8a,ELTR3,0,1,1,2025
LAW069,8a,SAEX,0,1,1,2025
LAW069,8a,TARA,0,1,1,2025
LAW104,1a,SAVE4,4,1,5,2025
LAW104,1a,ATTR,0,0,0,2025
LAW104,1a,BAHY,1,0,1,2025
LAW104,1a,HECU3,2,0,2,2025
LAW104,1a,ATTO,1,0,1,2025
LAW104,1a,IVAX,0,0,0,2025
LAW104,2a,SAVE4,1,5,6,2025
LAW104,2a,ATTR,0,6,6,2025
LAW104,2a,BAHY,0,0,0,2025
LAW104,2a,HECU3,0,0,0,2025
LAW104,2a,ATTO,0,0,0,2025
LAW104,2a,IVAX,0,0,0,2025
LAW104,3b,SAVE4,5,2,7,2025
LAW104,3b,ATTR,6,2,8,2025
LAW104,3b,BAHY,0,0,0,2025
LAW104,3b,HECU3,0,0,0,2025
LAW104,3b,ATTO,0,0,0,2025
LAW104,3b,IVAX,0,0,0,2025
LAW104,4a,SAVE4,2,0,2,2025
LAW104,4a,ATTR,2,0,2,2025
LAW104,4a,BAHY,0,3,3,2025
LAW104,4a,HECU3,0,0,0,2025
LAW104,4a,ATTO,0,0,0,2025
LAW104,4a,IVAX,0,1,1,2025
LAW104,5a,SAVE4,0,0,0,2025
LAW104,5a,ATTR,0,0,0,2025
LAW104,5a,BAHY,3,0,3,2025
LAW104,5a,HECU3,0,0,0,2025
LAW104,5a,ATTO,0,0,0,2025
LAW104,5a,IVAX,1,0,1,2025
LAW119,1a,ERNA10,2,13,15,2025
LAW119,1a,DISP,0,0,0,2025
LAW119,1a,ATTO,0,0,0,2025
LAW119,1a,SPAI,0,0,0,2025
LAW119,1a,POFR2,0,0,0,2025
LAW119,1a,SAVE4,0,0,0,2025
LAW119,1a,JUBA,0,0,0,2025
LAW119,1a,LELA2,0,0,0,2025
LAW119,1a,IVAX,0,0,0,2025
LAW119,1a,ASFA,0,0,0,2025
LAW119,1a,SAEX,0,0,0,2025
LAW119,1a,BAHY,0,0,0,2025
LAW119,1a,CYDA,0,0,0,2025
LAW119,1a,MUAS,0,0,0,2025
LAW119,1a,TARA,0,0,0,2025
LAW119,1a,ELTR3,0,0,0,2025
LAW119,1a,JUME4,0,0,0,2025
LAW119,1a,MEAL2,0,0,0,2025
LAW119,1a,SATR12,0,0,0,2025
LAW119,2a,ERNA10,13,0,13,2025
LAW119,2a,DISP,0,20,20,2025
LAW119,2a,ATTO,0,0,0,2025
LAW119,2a,SPAI,0,0,0,2025
LAW119,2a,POFR2,0,10,10,2025
LAW119,2a,SAVE4,0,0,0,2025
LAW119,2a,JUBA,0,3,3,2025
LAW119,2a,LELA2,0,0,0,2025
LAW119,2a,IVAX,0,3,3,2025
LAW119,2a,ASFA,0,0,0,2025
LAW119,2a,SAEX,0,0,0,2025
LAW119,2a,BAHY,0,0,0,2025
LAW119,2a,CYDA,0,2,2,2025
LAW119,2a,MUAS,0,2,2,2025
LAW119,2a,TARA,0,0,0,2025
LAW119,2a,ELTR3,0,0,0,2025
LAW119,2a,JUME4,0,0,0,2025
LAW119,2a,MEAL2,0,0,0,2025
LAW119,2a,SATR12,0,0,0,2025
LAW119,3a,ERNA10,0,0,0,2025
LAW119,3a,DISP,20,0,20,2025
LAW119,3a,ATTO,0,0,0,2025
LAW119,3a,SPAI,0,0,0,2025
LAW119,3a,POFR2,10,6,16,2025
LAW119,3a,SAVE4,0,0,0,2025
LAW119,3a,JUBA,3,0,3,2025
LAW119,3a,LELA2,0,0,0,2025
LAW119,3a,IVAX,3,0,3,2025
LAW119,3a,ASFA,0,0,0,2025
LAW119,3a,SAEX,0,0,0,2025
LAW119,3a,BAHY,0,0,0,2025
LAW119,3a,CYDA,2,0,2,2025
LAW119,3a,MUAS,2,0,2,2025
LAW119,3a,TARA,0,0,0,2025
LAW119,3a,ELTR3,0,0,0,2025
LAW119,3a,JUME4,0,0,0,2025
LAW119,3a,MEAL2,0,0,0,2025
LAW119,3a,SATR12,0,0,0,2025
LAW119,4a,ERNA10,0,2,2,2025
LAW119,4a,DISP,0,29,29,2025
LAW119,4a,ATTO,0,2,2,2025
LAW119,4a,SPAI,0,1,1,2025
LAW119,4a,POFR2,6,0,6,2025
LAW119,4a,SAVE4,0,0,0,2025
LAW119,4a,JUBA,0,6,6,2025
LAW119,4a,LELA2,0,0,0,2025
LAW119,4a,IVAX,0,0,0,2025
LAW119,4a,ASFA,0,1,1,2025
LAW119,4a,SAEX,0,0,0,2025
LAW119,4a,BAHY,0,1,1,2025
LAW119,4a,CYDA,0,0,0,2025
LAW119,4a,MUAS,0,0,0,2025
LAW119,4a,TARA,0,1,1,2025
LAW119,4a,ELTR3,0,0,0,2025
LAW119,4a,JUME4,0,0,0,2025
LAW119,4a,MEAL2,0,0,0,2025
LAW119,4a,SATR12,0,0,0,2025
LAW119,5a,ERNA10,2,0,2,2025
LAW119,5a,DISP,29,0,29,2025
LAW119,5a,ATTO,2,0,2,2025
LAW119,5a,SPAI,1,0,1,2025
LAW119,5a,POFR2,0,0,0,2025
LAW119,5a,SAVE4,0,0,0,2025
LAW119,5a,JUBA,6,0,6,2025
LAW119,5a,LELA2,0,0,0,2025
LAW119,5a,IVAX,0,0,0,2025
LAW119,5a,ASFA,1,0,1,2025
LAW119,5a,SAEX,0,0,0,2025
LAW119,5a,BAHY,1,0,1,2025
LAW119,5a,CYDA,0,0,0,2025
LAW119,5a,MUAS,0,0,0,2025
LAW119,5a,TARA,1,0,1,2025
LAW119,5a,ELTR3,0,0,0,2025
LAW119,5a,JUME4,0,0,0,2025
LAW119,5a,MEAL2,0,0,0,2025
LAW119,5a,SATR12,0,0,0,2025
LAW119,6d,ERNA10,0,2,2,2025
LAW119,6d,DISP,0,5,5,2025
LAW119,6d,ATTO,0,11,11,2025
LAW119,6d,SPAI,0,0,0,2025
LAW119,6d,POFR2,0,1,1,2025
LAW119,6d,SAVE4,0,0,0,2025
LAW119,6d,JUBA,0,0,0,2025
LAW119,6d,LELA2,0,0,0,2025
LAW119,6d,IVAX,0,0,0,2025
LAW119,6d,ASFA,0,0,0,2025
LAW119,6d,SAEX,0,0,0,2025
LAW119,6d,BAHY,0,1,1,2025
LAW119,6d,CYDA,0,0,0,2025
LAW119,6d,MUAS,0,0,0,2025
LAW119,6d,TARA,0,0,0,2025
LAW119,6d,ELTR3,0,1,1,2025
LAW119,6d,JUME4,0,0,0,2025
LAW119,6d,MEAL2,0,0,0,2025
LAW119,6d,SATR12,0,0,0,2025
LAW119,7d,ERNA10,2,1,3,2025
LAW119,7d,DISP,5,0,5,2025
LAW119,7d,ATTO,11,9,20,2025
LAW119,7d,SPAI,0,0,0,2025
LAW119,7d,POFR2,1,0,1,2025
LAW119,7d,SAVE4,0,0,0,2025
LAW119,7d,JUBA,0,0,0,2025
LAW119,7d,LELA2,0,0,0,2025
LAW119,7d,IVAX,0,0,0,2025
LAW119,7d,ASFA,0,0,0,2025
LAW119,7d,SAEX,0,0,0,2025
LAW119,7d,BAHY,1,0,1,2025
LAW119,7d,CYDA,0,0,0,2025
LAW119,7d,MUAS,0,0,0,2025
LAW119,7d,TARA,0,0,0,2025
LAW119,7d,ELTR3,1,0,1,2025
LAW119,7d,JUME4,0,0,0,2025
LAW119,7d,MEAL2,0,0,0,2025
LAW119,7d,SATR12,0,0,0,2025
LAW119,8a,ERNA10,1,25,26,2025
LAW119,8a,DISP,0,0,0,2025
LAW119,8a,ATTO,9,0,9,2025
LAW119,8a,SPAI,0,3,3,2025
LAW119,8a,POFR2,0,0,0,2025
LAW119,8a,SAVE4,0,0,0,2025
LAW119,8a,JUBA,0,0,0,2025
LAW119,8a,LELA2,0,0,0,2025
LAW119,8a,IVAX,0,0,0,2025
LAW119,8a,ASFA,0,0,0,2025
LAW119,8a,SAEX,0,0,0,2025
LAW119,8a,BAHY,0,0,0,2025
LAW119,8a,CYDA,0,0,0,2025
LAW119,8a,MUAS,0,0,0,2025
LAW119,8a,TARA,0,0,0,2025
LAW119,8a,ELTR3,0,0,0,2025
LAW119,8a,JUME4,0,0,0,2025
LAW119,8a,MEAL2,0,0,0,2025
LAW119,8a,SATR12,0,0,0,2025
LAW119,9a,ERNA10,25,16,41,2025
LAW119,9a,DISP,0,0,0,2025
LAW119,9a,ATTO,0,1,1,2025
LAW119,9a,SPAI,3,0,3,2025
LAW119,9a,POFR2,0,0,0,2025
LAW119,9a,SAVE4,0,0,0,2025
LAW119,9a,JUBA,0,0,0,2025
LAW119,9a,LELA2,0,0,0,2025
LAW119,9a,IVAX,0,0,0,2025
LAW119,9a,ASFA,0,0,0,2025
LAW119,9a,SAEX,0,0,0,2025
LAW119,9a,BAHY,0,0,0,2025
LAW119,9a,CYDA,0,0,0,2025
LAW119,9a,MUAS,0,0,0,2025
LAW119,9a,TARA,0,0,0,2025
LAW119,9a,ELTR3,0,0,0,2025
LAW119,9a,JUME4,0,0,0,2025
LAW119,9a,MEAL2,0,0,0,2025
LAW119,9a,SATR12,0,0,0,2025
LAW119,10c,ERNA10,16,1,17,2025
LAW119,10c,DISP,0,1,1,2025
LAW119,10c,ATTO,1,1,2,2025
LAW119,10c,SPAI,0,0,0,2025
LAW119,10c,POFR2,0,0,0,2025
LAW119,10c,SAVE4,0,8,8,2025
LAW119,10c,JUBA,0,1,1,2025
LAW119,10c,LELA2,0,2,2,2025
LAW119,10c,IVAX,0,0,0,2025
LAW119,10c,ASFA,0,1,1,2025
LAW119,10c,SAEX,0,0,0,2025
LAW119,10c,BAHY,0,0,0,2025
LAW119,10c,CYDA,0,0,0,2025
LAW119,10c,MUAS,0,0,0,2025
LAW119,10c,TARA,0,0,0,2025
LAW119,10c,ELTR3,0,0,0,2025
LAW119,10c,JUME4,0,0,0,2025
LAW119,10c,MEAL2,0,0,0,2025
LAW119,10c,SATR12,0,0,0,2025
LAW119,11a,ERNA10,1,1,2,2025
LAW119,11a,DISP,1,1,2,2025
LAW119,11a,ATTO,1,0,1,2025
LAW119,11a,SPAI,0,0,0,2025
LAW119,11a,POFR2,0,0,0,2025
LAW119,11a,SAVE4,8,5,13,2025
LAW119,11a,JUBA,1,0,1,2025
LAW119,11a,LELA2,2,0,2,2025
LAW119,11a,IVAX,0,0,0,2025
LAW119,11a,ASFA,1,0,1,2025
LAW119,11a,SAEX,0,0,0,2025
LAW119,11a,BAHY,0,0,0,2025
LAW119,11a,CYDA,0,0,0,2025
LAW119,11a,MUAS,0,0,0,2025
LAW119,11a,TARA,0,0,0,2025
LAW119,11a,ELTR3,0,0,0,2025
LAW119,11a,JUME4,0,0,0,2025
LAW119,11a,MEAL2,0,0,0,2025
LAW119,11a,SATR12,0,0,0,2025
LAW119,12a,ERNA10,1,1,2,2025
LAW119,12a,DISP,1,0,1,2025
LAW119,12a,ATTO,0,13,13,2025
LAW119,12a,SPAI,0,0,0,2025
LAW119,12a,POFR2,0,0,0,2025
LAW119,12a,SAVE4,5,0,5,2025
LAW119,12a,JUBA,0,0,0,2025
LAW119,12a,LELA2,0,0,0,2025
LAW119,12a,IVAX,0,0,0,2025
LAW119,12a,ASFA,0,0,0,2025
LAW119,12a,SAEX,0,0,0,2025
LAW119,12a,BAHY,0,0,0,2025
LAW119,12a,CYDA,0,0,0,2025
LAW119,12a,MUAS,0,0,0,2025
LAW119,12a,TARA,0,0,0,2025
LAW119,12a,ELTR3,0,0,0,2025
LAW119,12a,JUME4,0,0,0,2025
LAW119,12a,MEAL2,0,0,0,2025
LAW119,12a,SATR12,0,0,0,2025
LAW119,13a,ERNA10,1,0,1,2025
LAW119,13a,DISP,0,0,0,2025
LAW119,13a,ATTO,13,11,24,2025
LAW119,13a,SPAI,0,0,0,2025
LAW119,13a,POFR2,0,0,0,2025
LAW119,13a,SAVE4,0,0,0,2025
LAW119,13a,JUBA,0,0,0,2025
LAW119,13a,LELA2,0,0,0,2025
LAW119,13a,IVAX,0,0,0,2025
LAW119,13a,ASFA,0,0,0,2025
LAW119,13a,SAEX,0,0,0,2025
LAW119,13a,BAHY,0,0,0,2025
LAW119,13a,CYDA,0,0,0,2025
LAW119,13a,MUAS,0,0,0,2025
LAW119,13a,TARA,0,0,0,2025
LAW119,13a,ELTR3,0,0,0,2025
LAW119,13a,JUME4,0,0,0,2025
LAW119,13a,MEAL2,0,0,0,2025
LAW119,13a,SATR12,0,0,0,2025
LAW119,14a,ERNA10,0,2,2,2025
LAW119,14a,DISP,0,5,5,2025
LAW119,14a,ATTO,11,0,11,2025
LAW119,14a,SPAI,0,50,50,2025
LAW119,14a,POFR2,0,0,0,2025
LAW119,14a,SAVE4,0,0,0,2025
LAW119,14a,JUBA,0,1,1,2025
LAW119,14a,LELA2,0,0,0,2025
LAW119,14a,IVAX,0,0,0,2025
LAW119,14a,ASFA,0,0,0,2025
LAW119,14a,SAEX,0,0,0,2025
LAW119,14a,BAHY,0,0,0,2025
LAW119,14a,CYDA,0,0,0,2025
LAW119,14a,MUAS,0,0,0,2025
LAW119,14a,TARA,0,0,0,2025
LAW119,14a,ELTR3,0,0,0,2025
LAW119,14a,JUME4,0,0,0,2025
LAW119,14a,MEAL2,0,0,0,2025
LAW119,14a,SATR12,0,0,0,2025
LAW119,15a,ERNA10,2,1,3,2025
LAW119,15a,DISP,5,0,5,2025
LAW119,15a,ATTO,0,1,1,2025
LAW119,15a,SPAI,50,0,50,2025
LAW119,15a,POFR2,0,0,0,2025
LAW119,15a,SAVE4,0,0,0,2025
LAW119,15a,JUBA,1,0,1,2025
LAW119,15a,LELA2,0,0,0,2025
LAW119,15a,IVAX,0,0,0,2025
LAW119,15a,ASFA,0,0,0,2025
LAW119,15a,SAEX,0,0,0,2025
LAW119,15a,BAHY,0,0,0,2025
LAW119,15a,CYDA,0,0,0,2025
LAW119,15a,MUAS,0,0,0,2025
LAW119,15a,TARA,0,0,0,2025
LAW119,15a,ELTR3,0,0,0,2025
LAW119,15a,JUME4,0,0,0,2025
LAW119,15a,MEAL2,0,0,0,2025
LAW119,15a,SATR12,0,0,0,2025
PLC202,1e,ERNA10,10,3,13,2025
PLC202,1e,ARTRT,0,0,0,2025
PLC202,1e,PSARM,0,0,0,2025
PLC202,1e,ATCO,0,0,0,2025
PLC202,1e,EPNE,0,0,0,2025
PLC202,1e,PSPO,0,0,0,2025
PLC202,1e,ERDE6,1,0,1,2025
PLC202,1e,SATR12,0,0,0,2025
PLC202,1e,SPAI,1,0,1,2025
PLC202,2a,ERNA10,3,1,4,2025
PLC202,2a,ARTRT,0,3,3,2025
PLC202,2a,PSARM,0,1,1,2025
PLC202,2a,ATCO,0,0,0,2025
PLC202,2a,EPNE,0,0,0,2025
PLC202,2a,PSPO,0,0,0,2025
PLC202,2a,ERDE6,0,0,0,2025
PLC202,2a,SATR12,0,0,0,2025
PLC202,2a,SPAI,0,0,0,2025
PLC202,3a,ERNA10,1,1,2,2025
PLC202,3a,ARTRT,3,1,4,2025
PLC202,3a,PSARM,1,0,1,2025
PLC202,3a,ATCO,0,0,0,2025
PLC202,3a,EPNE,0,2,2,2025
PLC202,3a,PSPO,0,0,0,2025
PLC202,3a,ERDE6,0,0,0,2025
PLC202,3a,SATR12,0,0,0,2025
PLC202,3a,SPAI,0,0,0,2025
PLC202,4a,ERNA10,1,4,5,2025
PLC202,4a,ARTRT,1,0,1,2025
PLC202,4a,PSARM,0,1,1,2025
PLC202,4a,ATCO,0,3,3,2025
PLC202,4a,EPNE,2,0,2,2025
PLC202,4a,PSPO,0,0,0,2025
PLC202,4a,ERDE6,0,0,0,2025
PLC202,4a,SATR12,0,1,1,2025
PLC202,4a,SPAI,0,0,0,2025
PLC202,5a,ERNA10,4,2,6,2025
PLC202,5a,ARTRT,0,0,0,2025
PLC202,5a,PSARM,1,1,2,2025
PLC202,5a,ATCO,3,2,5,2025
PLC202,5a,EPNE,0,0,0,2025
PLC202,5a,PSPO,0,0,0,2025
PLC202,5a,ERDE6,0,0,0,2025
PLC202,5a,SATR12,1,0,1,2025
PLC202,5a,SPAI,0,0,0,2025
PLC219,1a,SAVE4,8,1,9,2025
PLC219,1a,ERNA10,0,1,1,2025
PLC219,1a,ATCO,0,0,0,2025
PLC219,1a,ATTO,0,0,0,2025
PLC219,1a,ATPO,0,0,0,2025
PLC219,1a,SPAI,0,0,0,2025
PLC219,1a,SUNI,2,0,2,2025
PLC219,1a,STPA4,0,0,0,2025
PLC219,1a,ARTRT,0,0,0,2025
PLC219,1a,IVAX,0,0,0,2025
PLC219,1a,ATPA3,1,0,1,2025
PLC219,1a,GLLE3,0,0,0,2025
PLC219,1a,TEAX,0,0,0,2025
PLC219,1a,PSARM,0,0,0,2025
PLC219,1a,SATR12,0,0,0,2025
PLC219,2d,SAVE4,1,15,16,2025
PLC219,2d,ERNA10,1,0,1,2025
PLC219,2d,ATCO,0,4,4,2025
PLC219,2d,ATTO,0,0,0,2025
PLC219,2d,ATPO,0,1,1,2025
PLC219,2d,SPAI,0,0,0,2025
PLC219,2d,SUNI,0,0,0,2025
PLC219,2d,STPA4,0,1,1,2025
PLC219,2d,ARTRT,0,0,0,2025
PLC219,2d,IVAX,0,0,0,2025
PLC219,2d,ATPA3,0,0,0,2025
PLC219,2d,GLLE3,0,0,0,2025
PLC219,2d,TEAX,0,0,0,2025
PLC219,2d,PSARM,0,0,0,2025
PLC219,2d,SATR12,0,0,0,2025
PLC219,3a,SAVE4,15,3,18,2025
PLC219,3a,ERNA10,0,0,0,2025
PLC219,3a,ATCO,4,3,7,2025
PLC219,3a,ATTO,0,0,0,2025
PLC219,3a,ATPO,1,0,1,2025
PLC219,3a,SPAI,0,0,0,2025
PLC219,3a,SUNI,0,0,0,2025
PLC219,3a,STPA4,1,0,1,2025
PLC219,3a,ARTRT,0,0,0,2025
PLC219,3a,IVAX,0,0,0,2025
PLC219,3a,ATPA3,0,0,0,2025
PLC219,3a,GLLE3,0,0,0,2025
PLC219,3a,TEAX,0,0,0,2025
PLC219,3a,PSARM,0,0,0,2025
PLC219,3a,SATR12,0,0,0,2025
PLC219,4c,SAVE4,3,5,8,2025
PLC219,4c,ERNA10,0,0,0,2025
PLC219,4c,ATCO,3,0,3,2025
PLC219,4c,ATTO,0,0,0,2025
PLC219,4c,ATPO,0,0,0,2025
PLC219,4c,SPAI,0,0,0,2025
PLC219,4c,SUNI,0,0,0,2025
PLC219,4c,STPA4,0,0,0,2025
PLC219,4c,ARTRT,0,0,0,2025
PLC219,4c,IVAX,0,0,0,2025
PLC219,4c,ATPA3,0,0,0,2025
PLC219,4c,GLLE3,0,0,0,2025
PLC219,4c,TEAX,0,0,0,2025
PLC219,4c,PSARM,0,0,0,2025
PLC219,4c,SATR12,0,0,0,2025
PLC219,5a,SAVE4,5,2,7,2025
PLC219,5a,ERNA10,0,0,0,2025
PLC219,5a,ATCO,0,0,0,2025
PLC219,5a,ATTO,0,0,0,2025
PLC219,5a,ATPO,0,0,0,2025
PLC219,5a,SPAI,0,0,0,2025
PLC219,5a,SUNI,0,0,0,2025
PLC219,5a,STPA4,0,0,0,2025
PLC219,5a,ARTRT,0,0,0,2025
PLC219,5a,IVAX,0,0,0,2025
PLC219,5a,ATPA3,0,0,0,2025
PLC219,5a,GLLE3,0,0,0,2025
PLC219,5a,TEAX,0,2,2,2025
PLC219,5a,PSARM,0,0,0,2025
PLC219,5a,SATR12,0,0,0,2025
PLC219,6a,SAVE4,2,4,6,2025
PLC219,6a,ERNA10,0,0,0,2025
PLC219,6a,ATCO,0,0,0,2025
PLC219,6a,ATTO,0,0,0,2025
PLC219,6a,ATPO,0,0,0,2025
PLC219,6a,SPAI,0,0,0,2025
PLC219,6a,SUNI,0,4,4,2025
PLC219,6a,STPA4,0,0,0,2025
PLC219,6a,ARTRT,0,0,0,2025
PLC219,6a,IVAX,0,0,0,2025
PLC219,6a,ATPA3,0,0,0,2025
PLC219,6a,GLLE3,0,0,0,2025
PLC219,6a,TEAX,2,0,2,2025
PLC219,6a,PSARM,0,0,0,2025
PLC219,6a,SATR12,0,0,0,2025
PLC219,7e,SAVE4,4,1,5,2025
PLC219,7e,ERNA10,0,0,0,2025
PLC219,7e,ATCO,0,0,0,2025
PLC219,7e,ATTO,0,0,0,2025
PLC219,7e,ATPO,0,0,0,2025
PLC219,7e,SPAI,0,0,0,2025
PLC219,7e,SUNI,4,0,4,2025
PLC219,7e,STPA4,0,0,0,2025
PLC219,7e,ARTRT,0,0,0,2025
PLC219,7e,IVAX,0,0,0,2025
PLC219,7e,ATPA3,0,0,0,2025
PLC219,7e,GLLE3,0,0,0,2025
PLC219,7e,TEAX,0,0,0,2025
PLC219,7e,PSARM,0,0,0,2025
PLC219,7e,SATR12,0,0,0,2025
PLC219,8a,SAVE4,1,4,5,2025
PLC219,8a,ERNA10,0,0,0,2025
PLC219,8a,ATCO,0,0,0,2025
PLC219,8a,ATTO,0,0,0,2025
PLC219,8a,ATPO,0,0,0,2025
PLC219,8a,SPAI,0,0,0,2025
PLC219,8a,SUNI,0,0,0,2025
PLC219,8a,STPA4,0,0,0,2025
PLC219,8a,ARTRT,0,0,0,2025
PLC219,8a,IVAX,0,0,0,2025
PLC219,8a,ATPA3,0,0,0,2025
PLC219,8a,GLLE3,0,0,0,2025
PLC219,8a,TEAX,0,0,0,2025
PLC219,8a,PSARM,0,0,0,2025
PLC219,8a,SATR12,0,0,0,2025
PLC219,9e,SAVE4,4,3,7,2025
PLC219,9e,ERNA10,0,0,0,2025
PLC219,9e,ATCO,0,1,1,2025
PLC219,9e,ATTO,0,0,0,2025
PLC219,9e,ATPO,0,0,0,2025
PLC219,9e,SPAI,0,0,0,2025
PLC219,9e,SUNI,0,0,0,2025
PLC219,9e,STPA4,0,0,0,2025
PLC219,9e,ARTRT,0,0,0,2025
PLC219,9e,IVAX,0,0,0,2025
PLC219,9e,ATPA3,0,0,0,2025
PLC219,9e,GLLE3,0,0,0,2025
PLC219,9e,TEAX,0,0,0,2025
PLC219,9e,PSARM,0,0,0,2025
PLC219,9e,SATR12,0,0,0,2025
PLC219,10b,SAVE4,3,0,3,2025
PLC219,10b,ERNA10,0,2,2,2025
PLC219,10b,ATCO,1,0,1,2025
PLC219,10b,ATTO,0,0,0,2025
PLC219,10b,ATPO,0,0,0,2025
PLC219,10b,SPAI,0,5,5,2025
PLC219,10b,SUNI,0,0,0,2025
PLC219,10b,STPA4,0,0,0,2025
PLC219,10b,ARTRT,0,3,3,2025
PLC219,10b,IVAX,0,3,3,2025
PLC219,10b,ATPA3,0,0,0,2025
PLC219,10b,GLLE3,0,2,2,2025
PLC219,10b,TEAX,0,0,0,2025
PLC219,10b,PSARM,0,0,0,2025
PLC219,10b,SATR12,0,0,0,2025
PLC219,11d,SAVE4,0,0,0,2025
PLC219,11d,ERNA10,2,1,3,2025
PLC219,11d,ATCO,0,0,0,2025
PLC219,11d,ATTO,0,1,1,2025
PLC219,11d,ATPO,0,0,0,2025
PLC219,11d,SPAI,5,0,5,2025
PLC219,11d,SUNI,0,0,0,2025
PLC219,11d,STPA4,0,0,0,2025
PLC219,11d,ARTRT,3,0,3,2025
PLC219,11d,IVAX,3,0,3,2025
PLC219,11d,ATPA3,0,0,0,2025
PLC219,11d,GLLE3,2,0,2,2025
PLC219,11d,TEAX,0,0,0,2025
PLC219,11d,PSARM,0,0,0,2025
PLC219,11d,SATR12,0,0,0,2025
PLC219,12c,SAVE4,0,0,0,2025
PLC219,12c,ERNA10,1,0,1,2025
PLC219,12c,ATCO,0,0,0,2025
PLC219,12c,ATTO,1,2,3,2025
PLC219,12c,ATPO,0,4,4,2025
PLC219,12c,SPAI,0,0,0,2025
PLC219,12c,SUNI,0,0,0,2025
PLC219,12c,STPA4,0,0,0,2025
PLC219,12c,ARTRT,0,0,0,2025
PLC219,12c,IVAX,0,0,0,2025
PLC219,12c,ATPA3,0,0,0,2025
PLC219,12c,GLLE3,0,0,0,2025
PLC219,12c,TEAX,0,0,0,2025
PLC219,12c,PSARM,0,0,0,2025
PLC219,12c,SATR12,0,0,0,2025
PLC219,13c,SAVE4,0,0,0,2025
PLC219,13c,ERNA10,0,0,0,2025
PLC219,13c,ATCO,0,0,0,2025
PLC219,13c,ATTO,2,4,6,2025
PLC219,13c,ATPO,4,1,5,2025
PLC219,13c,SPAI,0,0,0,2025
PLC219,13c,SUNI,0,0,0,2025
PLC219,13c,STPA4,0,0,0,2025
PLC219,13c,ARTRT,0,0,0,2025
PLC219,13c,IVAX,0,0,0,2025
PLC219,13c,ATPA3,0,0,0,2025
PLC219,13c,GLLE3,0,0,0,2025
PLC219,13c,TEAX,0,0,0,2025
PLC219,13c,PSARM,0,0,0,2025
PLC219,13c,SATR12,0,0,0,2025
PLC219,14a,SAVE4,0,4,4,2025
PLC219,14a,ERNA10,0,1,1,2025
PLC219,14a,ATCO,0,0,0,2025
PLC219,14a,ATTO,4,2,6,2025
PLC219,14a,ATPO,1,0,1,2025
PLC219,14a,SPAI,0,0,0,2025
PLC219,14a,SUNI,0,0,0,2025
PLC219,14a,STPA4,0,0,0,2025
PLC219,14a,ARTRT,0,0,0,2025
PLC219,14a,IVAX,0,0,0,2025
PLC219,14a,ATPA3,0,0,0,2025
PLC219,14a,GLLE3,0,0,0,2025
PLC219,14a,TEAX,0,0,0,2025
PLC219,14a,PSARM,0,0,0,2025
PLC219,14a,SATR12,0,0,0,2025
PLC219,15c,SAVE4,4,4,8,2025
PLC219,15c,ERNA10,1,1,2,2025
PLC219,15c,ATCO,0,0,0,2025
PLC219,15c,ATTO,2,0,2,2025
PLC219,15c,ATPO,0,0,0,2025
PLC219,15c,SPAI,0,0,0,2025
PLC219,15c,SUNI,0,0,0,2025
PLC219,15c,STPA4,0,0,0,2025
PLC219,15c,ARTRT,0,0,0,2025
PLC219,15c,IVAX,0,0,0,2025
PLC219,15c,ATPA3,0,0,0,2025
PLC219,15c,GLLE3,0,0,0,2025
PLC219,15c,TEAX,0,0,0,2025
PLC219,15c,PSARM,0,0,0,2025
PLC219,15c,SATR12,0,0,0,2025
PLC227,1d,ATCA2,5,8,13,2025
PLC227,1d,PSPO,0,0,0,2025
PLC227,1d,SATR12,3,0,3,2025
PLC227,1d,ERNA10,0,0,0,2025
PLC227,1d,ATCO,0,0,0,2025
PLC227,1d,SAVE4,0,0,0,2025
PLC227,1d,ERDE6,2,0,2,2025
PLC227,1d,SPAI,0,0,0,2025
PLC227,1d,ATPO,0,0,0,2025
PLC227,1d,PSARM,0,0,0,2025
PLC227,1d,HECU3,0,0,0,2025
PLC227,1d,ERBR7,0,0,0,2025
PLC227,1d,ERMA2,1,0,1,2025
PLC227,1d,ATTO,0,0,0,2025
PLC227,1d,DISP,0,0,0,2025
PLC227,1d,STHY5,0,0,0,2025
PLC227,2a,ATCA2,8,6,14,2025
PLC227,2a,PSPO,0,3,3,2025
PLC227,2a,SATR12,0,1,1,2025
PLC227,2a,ERNA10,0,3,3,2025
PLC227,2a,ATCO,0,0,0,2025
PLC227,2a,SAVE4,0,0,0,2025
PLC227,2a,ERDE6,0,0,0,2025
PLC227,2a,SPAI,0,0,0,2025
PLC227,2a,ATPO,0,0,0,2025
PLC227,2a,PSARM,0,0,0,2025
PLC227,2a,HECU3,0,0,0,2025
PLC227,2a,ERBR7,0,2,2,2025
PLC227,2a,ERMA2,0,0,0,2025
PLC227,2a,ATTO,0,0,0,2025
PLC227,2a,DISP,0,0,0,2025
PLC227,2a,STHY5,0,0,0,2025
PLC227,3a,ATCA2,6,7,13,2025
PLC227,3a,PSPO,3,4,7,2025
PLC227,3a,SATR12,1,0,1,2025
PLC227,3a,ERNA10,3,0,3,2025
PLC227,3a,ATCO,0,0,0,2025
PLC227,3a,SAVE4,0,0,0,2025
PLC227,3a,ERDE6,0,0,0,2025
PLC227,3a,SPAI,0,0,0,2025
PLC227,3a,ATPO,0,0,0,2025
PLC227,3a,PSARM,0,0,0,2025
PLC227,3a,HECU3,0,0,0,2025
PLC227,3a,ERBR7,2,0,2,2025
PLC227,3a,ERMA2,0,0,0,2025
PLC227,3a,ATTO,0,0,0,2025
PLC227,3a,DISP,0,0,0,2025
PLC227,3a,STHY5,0,0,0,2025
PLC227,4a,ATCA2,7,5,12,2025
PLC227,4a,PSPO,4,0,4,2025
PLC227,4a,SATR12,0,3,3,2025
PLC227,4a,ERNA10,0,0,0,2025
PLC227,4a,ATCO,0,0,0,2025
PLC227,4a,SAVE4,0,0,0,2025
PLC227,4a,ERDE6,0,2,2,2025
PLC227,4a,SPAI,0,0,0,2025
PLC227,4a,ATPO,0,0,0,2025
PLC227,4a,PSARM,0,0,0,2025
PLC227,4a,HECU3,0,0,0,2025
PLC227,4a,ERBR7,0,0,0,2025
PLC227,4a,ERMA2,0,1,1,2025
PLC227,4a,ATTO,0,0,0,2025
PLC227,4a,DISP,0,0,0,2025
PLC227,4a,STHY5,0,0,0,2025
PLC227,5a,ATCA2,5,6,11,2025
PLC227,5a,PSPO,0,0,0,2025
PLC227,5a,SATR12,3,0,3,2025
PLC227,5a,ERNA10,0,0,0,2025
PLC227,5a,ATCO,0,0,0,2025
PLC227,5a,SAVE4,0,0,0,2025
PLC227,5a,ERDE6,2,0,2,2025
PLC227,5a,SPAI,0,0,0,2025
PLC227,5a,ATPO,0,0,0,2025
PLC227,5a,PSARM,0,0,0,2025
PLC227,5a,HECU3,0,0,0,2025
PLC227,5a,ERBR7,0,0,0,2025
PLC227,5a,ERMA2,1,0,1,2025
PLC227,5a,ATTO,0,0,0,2025
PLC227,5a,DISP,0,0,0,2025
PLC227,5a,STHY5,0,0,0,2025
PLC227,6a,ATCA2,6,8,14,2025
PLC227,6a,PSPO,0,0,0,2025
PLC227,6a,SATR12,0,0,0,2025
PLC227,6a,ERNA10,0,7,7,2025
PLC227,6a,ATCO,0,0,0,2025
PLC227,6a,SAVE4,0,0,0,2025
PLC227,6a,ERDE6,0,0,0,2025
PLC227,6a,SPAI,0,0,0,2025
PLC227,6a,ATPO,0,1,1,2025
PLC227,6a,PSARM,0,0,0,2025
PLC227,6a,HECU3,0,0,0,2025
PLC227,6a,ERBR7,0,0,0,2025
PLC227,6a,ERMA2,0,0,0,2025
PLC227,6a,ATTO,0,0,0,2025
PLC227,6a,DISP,0,0,0,2025
PLC227,6a,STHY5,0,0,0,2025
PLC227,7a,ATCA2,8,0,8,2025
PLC227,7a,PSPO,0,0,0,2025
PLC227,7a,SATR12,0,0,0,2025
PLC227,7a,ERNA10,7,0,7,2025
PLC227,7a,ATCO,0,0,0,2025
PLC227,7a,SAVE4,0,0,0,2025
PLC227,7a,ERDE6,0,0,0,2025
PLC227,7a,SPAI,0,0,0,2025
PLC227,7a,ATPO,1,3,4,2025
PLC227,7a,PSARM,0,0,0,2025
PLC227,7a,HECU3,0,0,0,2025
PLC227,7a,ERBR7,0,0,0,2025
PLC227,7a,ERMA2,0,0,0,2025
PLC227,7a,ATTO,0,0,0,2025
PLC227,7a,DISP,0,0,0,2025
PLC227,7a,STHY5,0,0,0,2025
PLC227,8a,ATCA2,0,1,1,2025
PLC227,8a,PSPO,0,0,0,2025
PLC227,8a,SATR12,0,22,22,2025
PLC227,8a,ERNA10,0,0,0,2025
PLC227,8a,ATCO,0,0,0,2025
PLC227,8a,SAVE4,0,0,0,2025
PLC227,8a,ERDE6,0,0,0,2025
PLC227,8a,SPAI,0,6,6,2025
PLC227,8a,ATPO,3,0,3,2025
PLC227,8a,PSARM,0,0,0,2025
PLC227,8a,HECU3,0,3,3,2025
PLC227,8a,ERBR7,0,0,0,2025
PLC227,8a,ERMA2,0,0,0,2025
PLC227,8a,ATTO,0,1,1,2025
PLC227,8a,DISP,0,1,1,2025
PLC227,8a,STHY5,0,0,0,2025
PLC227,9a,ATCA2,1,0,1,2025
PLC227,9a,PSPO,0,0,0,2025
PLC227,9a,SATR12,22,5,27,2025
PLC227,9a,ERNA10,0,0,0,2025
PLC227,9a,ATCO,0,0,0,2025
PLC227,9a,SAVE4,0,0,0,2025
PLC227,9a,ERDE6,0,0,0,2025
PLC227,9a,SPAI,6,0,6,2025
PLC227,9a,ATPO,0,0,0,2025
PLC227,9a,PSARM,0,0,0,2025
PLC227,9a,HECU3,3,0,3,2025
PLC227,9a,ERBR7,0,0,0,2025
PLC227,9a,ERMA2,0,0,0,2025
PLC227,9a,ATTO,1,0,1,2025
PLC227,9a,DISP,1,0,1,2025
PLC227,9a,STHY5,0,0,0,2025
PLC227,10a,ATCA2,0,6,6,2025
PLC227,10a,PSPO,0,0,0,2025
PLC227,10a,SATR12,5,0,5,2025
PLC227,10a,ERNA10,0,0,0,2025
PLC227,10a,ATCO,0,5,5,2025
PLC227,10a,SAVE4,0,0,0,2025
PLC227,10a,ERDE6,0,2,2,2025
PLC227,10a,SPAI,0,0,0,2025
PLC227,10a,ATPO,0,0,0,2025
PLC227,10a,PSARM,0,0,0,2025
PLC227,10a,HECU3,0,0,0,2025
PLC227,10a,ERBR7,0,0,0,2025
PLC227,10a,ERMA2,0,0,0,2025
PLC227,10a,ATTO,0,0,0,2025
PLC227,10a,DISP,0,0,0,2025
PLC227,10a,STHY5,0,0,0,2025
PLC230,1a,ATTO,5,4,9,2025
PLC230,1a,ATPO,0,0,0,2025
PLC230,1a,SATR12,0,0,0,2025
PLC230,1a,ATCA2,0,0,0,2025
PLC230,1a,BAHY,0,0,0,2025
PLC230,1a,SPAI,6,0,6,2025
PLC230,1a,ERDE6,0,0,0,2025
PLC230,1a,ERNA10,2,1,3,2025
PLC230,1a,ERCA20,0,0,0,2025
PLC230,1a,MALE3,0,0,0,2025
PLC230,1a,STHY5,0,0,0,2025
PLC230,1a,LACO13,0,0,0,2025
PLC230,1a,ATCO,0,0,0,2025
PLC230,1a,DESO2,0,0,0,2025
PLC230,1a,HECU3,0,0,0,2025
PLC230,1a,JUBA,1,0,1,2025
PLC230,1a,LELA2,0,0,0,2025
PLC230,2a,ATTO,4,0,4,2025
PLC230,2a,ATPO,0,0,0,2025
PLC230,2a,SATR12,0,6,6,2025
PLC230,2a,ATCA2,0,0,0,2025
PLC230,2a,BAHY,0,0,0,2025
PLC230,2a,SPAI,0,0,0,2025
PLC230,2a,ERDE6,0,3,3,2025
PLC230,2a,ERNA10,1,0,1,2025
PLC230,2a,ERCA20,0,0,0,2025
PLC230,2a,MALE3,0,0,0,2025
PLC230,2a,STHY5,0,0,0,2025
PLC230,2a,LACO13,0,0,0,2025
PLC230,2a,ATCO,0,0,0,2025
PLC230,2a,DESO2,0,0,0,2025
PLC230,2a,HECU3,0,0,0,2025
PLC230,2a,JUBA,0,0,0,2025
PLC230,2a,LELA2,0,0,0,2025
PLC230,3e,ATTO,0,0,0,2025
PLC230,3e,ATPO,0,0,0,2025
PLC230,3e,SATR12,6,0,6,2025
PLC230,3e,ATCA2,0,0,0,2025
PLC230,3e,BAHY,0,0,0,2025
PLC230,3e,SPAI,0,0,0,2025
PLC230,3e,ERDE6,3,0,3,2025
PLC230,3e,ERNA10,0,0,0,2025
PLC230,3e,ERCA20,0,0,0,2025
PLC230,3e,MALE3,0,0,0,2025
PLC230,3e,STHY5,0,0,0,2025
PLC230,3e,LACO13,0,0,0,2025
PLC230,3e,ATCO,0,0,0,2025
PLC230,3e,DESO2,0,0,0,2025
PLC230,3e,HECU3,0,0,0,2025
PLC230,3e,JUBA,0,0,0,2025
PLC230,3e,LELA2,0,0,0,2025
PLC230,4a,ATTO,0,6,6,2025
PLC230,4a,ATPO,0,11,11,2025
PLC230,4a,SATR12,0,0,0,2025
PLC230,4a,ATCA2,0,0,0,2025
PLC230,4a,BAHY,0,0,0,2025
PLC230,4a,SPAI,0,0,0,2025
PLC230,4a,ERDE6,0,0,0,2025
PLC230,4a,ERNA10,0,0,0,2025
PLC230,4a,ERCA20,0,0,0,2025
PLC230,4a,MALE3,0,0,0,2025
PLC230,4a,STHY5,0,0,0,2025
PLC230,4a,LACO13,0,0,0,2025
PLC230,4a,ATCO,0,0,0,2025
PLC230,4a,DESO2,0,0,0,2025
PLC230,4a,HECU3,0,0,0,2025
PLC230,4a,JUBA,0,0,0,2025
PLC230,4a,LELA2,0,0,0,2025
PLC230,5a,ATTO,6,4,10,2025
PLC230,5a,ATPO,11,5,16,2025
PLC230,5a,SATR12,0,0,0,2025
PLC230,5a,ATCA2,0,0,0,2025
PLC230,5a,BAHY,0,0,0,2025
PLC230,5a,SPAI,0,0,0,2025
PLC230,5a,ERDE6,0,0,0,2025
PLC230,5a,ERNA10,0,0,0,2025
PLC230,5a,ERCA20,0,0,0,2025
PLC230,5a,MALE3,0,0,0,2025
PLC230,5a,STHY5,0,0,0,2025
PLC230,5a,LACO13,0,0,0,2025
PLC230,5a,ATCO,0,1,1,2025
PLC230,5a,DESO2,0,0,0,2025
PLC230,5a,HECU3,0,0,0,2025
PLC230,5a,JUBA,0,0,0,2025
PLC230,5a,LELA2,0,0,0,2025
PLC230,6a,ATTO,4,12,16,2025
PLC230,6a,ATPO,5,0,5,2025
PLC230,6a,SATR12,0,0,0,2025
PLC230,6a,ATCA2,0,0,0,2025
PLC230,6a,BAHY,0,0,0,2025
PLC230,6a,SPAI,0,1,1,2025
PLC230,6a,ERDE6,0,0,0,2025
PLC230,6a,ERNA10,0,0,0,2025
PLC230,6a,ERCA20,0,0,0,2025
PLC230,6a,MALE3,0,0,0,2025
PLC230,6a,STHY5,0,0,0,2025
PLC230,6a,LACO13,0,0,0,2025
PLC230,6a,ATCO,1,0,1,2025
PLC230,6a,DESO2,0,0,0,2025
PLC230,6a,HECU3,0,0,0,2025
PLC230,6a,JUBA,0,0,0,2025
PLC230,6a,LELA2,0,0,0,2025
PLC230,7a,ATTO,12,7,19,2025
PLC230,7a,ATPO,0,0,0,2025
PLC230,7a,SATR12,0,0,0,2025
PLC230,7a,ATCA2,0,0,0,2025
PLC230,7a,BAHY,0,0,0,2025
PLC230,7a,SPAI,1,0,1,2025
PLC230,7a,ERDE6,0,0,0,2025
PLC230,7a,ERNA10,0,0,0,2025
PLC230,7a,ERCA20,0,0,0,2025
PLC230,7a,MALE3,0,0,0,2025
PLC230,7a,STHY5,0,0,0,2025
PLC230,7a,LACO13,0,0,0,2025
PLC230,7a,ATCO,0,0,0,2025
PLC230,7a,DESO2,0,0,0,2025
PLC230,7a,HECU3,0,0,0,2025
PLC230,7a,JUBA,0,0,0,2025
PLC230,7a,LELA2,0,0,0,2025
PLC230,8a,ATTO,7,0,7,2025
PLC230,8a,ATPO,0,23,23,2025
PLC230,8a,SATR12,0,0,0,2025
PLC230,8a,ATCA2,0,0,0,2025
PLC230,8a,BAHY,0,0,0,2025
PLC230,8a,SPAI,0,0,0,2025
PLC230,8a,ERDE6,0,0,0,2025
PLC230,8a,ERNA10,0,0,0,2025
PLC230,8a,ERCA20,0,0,0,2025
PLC230,8a,MALE3,0,0,0,2025
PLC230,8a,STHY5,0,0,0,2025
PLC230,8a,LACO13,0,0,0,2025
PLC230,8a,ATCO,0,0,0,2025
PLC230,8a,DESO2,0,0,0,2025
PLC230,8a,HECU3,0,0,0,2025
PLC230,8a,JUBA,0,0,0,2025
PLC230,8a,LELA2,0,0,0,2025
PLC230,9a,ATTO,0,0,0,2025
PLC230,9a,ATPO,23,6,29,2025
PLC230,9a,SATR12,0,0,0,2025
PLC230,9a,ATCA2,0,0,0,2025
PLC230,9a,BAHY,0,0,0,2025
PLC230,9a,SPAI,0,0,0,2025
PLC230,9a,ERDE6,0,0,0,2025
PLC230,9a,ERNA10,0,0,0,2025
PLC230,9a,ERCA20,0,0,0,2025
PLC230,9a,MALE3,0,0,0,2025
PLC230,9a,STHY5,0,0,0,2025
PLC230,9a,LACO13,0,0,0,2025
PLC230,9a,ATCO,0,0,0,2025
PLC230,9a,DESO2,0,0,0,2025
PLC230,9a,HECU3,0,0,0,2025
PLC230,9a,JUBA,0,0,0,2025
PLC230,9a,LELA2,0,0,0,2025
PLC230,10a,ATTO,0,18,18,2025
PLC230,10a,ATPO,6,0,6,2025
PLC230,10a,SATR12,0,0,0,2025
PLC230,10a,ATCA2,0,0,0,2025
PLC230,10a,BAHY,0,0,0,2025
PLC230,10a,SPAI,0,0,0,2025
PLC230,10a,ERDE6,0,0,0,2025
PLC230,10a,ERNA10,0,0,0,2025
PLC230,10a,ERCA20,0,0,0,2025
PLC230,10a,MALE3,0,0,0,2025
PLC230,10a,STHY5,0,0,0,2025
PLC230,10a,LACO13,0,0,0,2025
PLC230,10a,ATCO,0,0,0,2025
PLC230,10a,DESO2,0,0,0,2025
PLC230,10a,HECU3,0,0,0,2025
PLC230,10a,JUBA,0,0,0,2025
PLC230,10a,LELA2,0,0,0,2025
PLC230,11a,ATTO,18,0,18,2025
PLC230,11a,ATPO,0,0,0,2025
PLC230,11a,SATR12,0,0,0,2025
PLC230,11a,ATCA2,0,0,0,2025
PLC230,11a,BAHY,0,0,0,2025
PLC230,11a,SPAI,0,0,0,2025
PLC230,11a,ERDE6,0,0,0,2025
PLC230,11a,ERNA10,0,0,0,2025
PLC230,11a,ERCA20,0,0,0,2025
PLC230,11a,MALE3,0,0,0,2025
PLC230,11a,STHY5,0,0,0,2025
PLC230,11a,LACO13,0,0,0,2025
PLC230,11a,ATCO,0,0,0,2025
PLC230,11a,DESO2,0,0,0,2025
PLC230,11a,HECU3,0,0,0,2025
PLC230,11a,JUBA,0,0,0,2025
PLC230,11a,LELA2,0,0,0,2025
PLC230,12c,ATTO,0,0,0,2025
PLC230,12c,ATPO,0,0,0,2025
PLC230,12c,SATR12,0,0,0,2025
PLC230,12c,ATCA2,0,4,4,2025
PLC230,12c,BAHY,0,0,0,2025
PLC230,12c,SPAI,0,0,0,2025
PLC230,12c,ERDE6,0,0,0,2025
PLC230,12c,ERNA10,0,0,0,2025
PLC230,12c,ERCA20,0,0,0,2025
PLC230,12c,MALE3,0,0,0,2025
PLC230,12c,STHY5,0,3,3,2025
PLC230,12c,LACO13,0,0,0,2025
PLC230,12c,ATCO,0,0,0,2025
PLC230,12c,DESO2,0,0,0,2025
PLC230,12c,HECU3,0,0,0,2025
PLC230,12c,JUBA,0,0,0,2025
PLC230,12c,LELA2,0,0,0,2025
PLC230,13c,ATTO,0,0,0,2025
PLC230,13c,ATPO,0,0,0,2025
PLC230,13c,SATR12,0,0,0,2025
PLC230,13c,ATCA2,4,4,8,2025
PLC230,13c,BAHY,0,0,0,2025
PLC230,13c,SPAI,0,0,0,2025
PLC230,13c,ERDE6,0,0,0,2025
PLC230,13c,ERNA10,0,0,0,2025
PLC230,13c,ERCA20,0,0,0,2025
PLC230,13c,MALE3,0,0,0,2025
PLC230,13c,STHY5,3,0,3,2025
PLC230,13c,LACO13,0,0,0,2025
PLC230,13c,ATCO,0,0,0,2025
PLC230,13c,DESO2,0,0,0,2025
PLC230,13c,HECU3,0,0,0,2025
PLC230,13c,JUBA,0,0,0,2025
PLC230,13c,LELA2,0,0,0,2025
PLC230,14a,ATTO,0,3,3,2025
PLC230,14a,ATPO,0,0,0,2025
PLC230,14a,SATR12,0,4,4,2025
PLC230,14a,ATCA2,4,0,4,2025
PLC230,14a,BAHY,0,0,0,2025
PLC230,14a,SPAI,0,0,0,2025
PLC230,14a,ERDE6,0,2,2,2025
PLC230,14a,ERNA10,0,0,0,2025
PLC230,14a,ERCA20,0,0,0,2025
PLC230,14a,MALE3,0,0,0,2025
PLC230,14a,STHY5,0,0,0,2025
PLC230,14a,LACO13,0,1,1,2025
PLC230,14a,ATCO,0,0,0,2025
PLC230,14a,DESO2,0,0,0,2025
PLC230,14a,HECU3,0,0,0,2025
PLC230,14a,JUBA,0,0,0,2025
PLC230,14a,LELA2,0,0,0,2025
PLC230,15d,ATTO,3,3,6,2025
PLC230,15d,ATPO,0,0,0,2025
PLC230,15d,SATR12,4,1,5,2025
PLC230,15d,ATCA2,0,0,0,2025
PLC230,15d,BAHY,0,0,0,2025
PLC230,15d,SPAI,0,0,0,2025
PLC230,15d,ERDE6,2,0,2,2025
PLC230,15d,ERNA10,0,0,0,2025
PLC230,15d,ERCA20,0,0,0,2025
PLC230,15d,MALE3,0,0,0,2025
PLC230,15d,STHY5,0,0,0,2025
PLC230,15d,LACO13,1,0,1,2025
PLC230,15d,ATCO,0,0,0,2025
PLC230,15d,DESO2,0,0,0,2025
PLC230,15d,HECU3,0,0,0,2025
PLC230,15d,JUBA,0,0,0,2025
PLC230,15d,LELA2,0,0,0,2025
